Company Name,Legal Name,Company Description,Director Name,Director Position,Phone Numbers,Email Addresses,Websites,Addresses,Activity Types,Social Links,Last Updated,Source URL,Scraped At
"""ШУШИ ПАЛАС"" МНОГОКВАРТИРНЫЙ ЖИЛОЙ КОМПЛЕКС (общество с ограниченной ответственностью/ООО ""ЛОРИДА ГРУП"")",,"""Шуши Палас"" - многоквартирный жилой комплекс, оборудованный современными и инновационными технологиями. Комплекс состоит из восьми сейсмостойких и энергосберегающих зданий. Все квартиры имеют удобные открытые балконы. Просторная территория площадью около 8000 кв. м, окруженная восьмью высотными зданиями, озеленена, имеет оснащенную игровую площадку, современные тренажеры, велосипедную и беговую дорожки длиною 400 м по окружности дворовой части, многофункциональный стадион. Район будет охраняться круглосуточной службой безопасности.",Ханик Петросян,директор,+37412208830; +37441208830; +37433208830; +37498908908,,https://www.shushi-palace.am/,"Армения, 0031, Ереван Кирк Керкорян ул. , 50/102 дом; Армения, 0009, Ереван Таманян ул., 1а дом, помещение 15 (около комплекса ""Каскад""); Армения, 0097, Ереван Назарбекян квартал (Северо-Западный Г-3 квартал), 44/13 дом","Застройка недвижимости; Услуги по купле-продаже, обмену, аренде зданий, строений, помещений и территорий Продажа жилых зданий-новостроек Продажа жилых помещений от застройщика Продажа зданий-новостроек Продажа зданий-новостроек от застройщика Продажа квартир в зданиях-новостройках Продажа квартир от застройщика",https://www.facebook.com/ShushiPalaceRC; https://www.instagram.com/shushipalace/,29.12.2025,https://www.spyur.am/ru/companies/shushi-palace-residential-complex/50262,2026-07-12T21:03:20+00:00
"""МЕТРУМ ИНВЕСТ"" КОМПАНИЯ-ЗАСТРОЙЩИК",,Наша главная цель - строительство качественных зданий,Арман Мелконян,директор,+37411886886; +37455886886,,https://metruminvest.am/hy,"Армения, 0009, Ереван Верин Антараин ул., 136/3 дом","Торговые марки, бренды ""РУБИНЯНЦ КОМПЛЕКС"" («ՌՈՒԲԻՆՅԱՆՑ ԿՈՄՊԼԵՔՍ», Армения), застройщик ""ЦАХКАДЗОР ПАРК"" («ԾԱՂԿԱՁՈՐ ՊԱՐԿ», Армения), застройщик ""АНТАРА ИНН"" («ԱՆՏԱՌԱ ԻՆՆ», Армения), застройщик ""ЭДЕН ПАРК"" («ԷԴԵՆ ՊԱՐԿ», Армения), застройщик ""ТУН 27"" («ՏՈՒՆ 27», Армения), застройщик ""ЭМИН 6"" («ԷՄԻՆ 6», Армения), застройщик ""РЕНЕТ"" («ՌԵՆԵՏ», Армения), застройщик ""АНТАРАИН 7/1"" («ԱՆՏԱՌԱՅԻՆ 7/1», Армения), застройщик ""МАСИС ЦЕНТРАЛ"" ЖИЛОЙ КОМПЛЕКС (Армения), застройщик; Услуги по купле-продаже, обмену, аренде зданий, строений, помещений и территорий Продажа жилых зданий-новостроек Продажа жилых помещений от застройщика Продажа зданий-новостроек Продажа зданий-новостроек от застройщика Продажа квартир в зданиях-новостройках Продажа квартир от застройщика",https://www.facebook.com/metrum.am; https://www.instagram.com/metrum_invest; https://www.youtube.com/@MetrumInvest; https://www.youtube.com/watch?v=fzQY01sWAmA,03.07.2026,https://www.spyur.am/ru/companies/metrum-invest-real-estate-development-company/51524,2026-07-12T21:03:22+00:00
"""АРТКОМПАНИ"" КОМПАНИЯ-ЗАСТРОЙЩИК",,"Имея более чем 12-летний опыт, мы создаем качественную среду для жизни. Завершенные проекты: • Квартал ""Ани"" • Комплекс ""Амбарцумян"" • Квартал ""Мамиконянц"" • Комплекс ""Ленинградян"" • Квартал ""Крунк"" • Комплекс ""Кохбаци"" Нами построенные жилые комплексы сочетают в себе качество, комфорт, современную архитектуру и доступную ценовую стратегию. В процессе реализации новые строительные проекты, которые очень скоро станут неотъемлемой частью города. ""Арткомпани"" - нам доверяют тысячи семей.",,,+37495333004; +37495333005; +37415333000; +37441333200,,https://artco.am/,"Армения, 0082, Ереван Цицернакаберди шоссе, 8/3 дом; Армения, 0010, Ереван Тигран Меци пр. , 11 дом","Компания по управлению проектами застройки и градостроительства РА С 2012 года компания строит жилые дома, комплексы и кварталы. Текущие проекты: - ""Гюрджян каскад"" (Нор Норк, ул. Гюрджян 14/1, завершение строительства - 2028 г.) - ""Фирдус Прайм Резиденс"" (Малый Центр, пр. Тигран Меци и ул. Ханджян, завершение строительства - 2027-2028 гг. по зданиям) - Жилой комплекс ""Антар"" (Арабкир, ул. Ахпюр Серопи 44-48, завершение строительства - конец 2025 г.) - ""Ани Премиум""(Арабкир, ул. Адонци 19/4, завершение строительства - 2027 г.) - ""Комплекс Мамиконянц"" (Арабкир, ул. Мамиконянц 30/1, строительство завершено) - ""Дилижан Апарт-отель"" (Дилижан, ул. Горьку 29/44, завершение строительства - весной 2026 г.); Услуги по купле-продаже, обмену, аренде зданий, строений, помещений и территорий Продажа жилых зданий-новостроек Продажа жилых помещений от застройщика Продажа зданий-новостроек Продажа зданий-новостроек от застройщика Продажа квартир в зданиях-новостройках Продажа квартир от застройщика",https://www.facebook.com/artcompanyarmenia; https://www.facebook.com/profile.php?id=61560788095409; https://www.facebook.com/GyurjyanCascade; https://www.facebook.com/profile.php?id=61563995020956; https://www.instagram.com/artcompanyarmenia/; https://www.instagram.com/firdus_prime_residence/; https://www.instagram.com/gyurjyan_cascade/; https://www.instagram.com/ani.premium/; https://www.youtube.com/watch?v=V_LBQhA0KxQ; https://www.youtube.com/watch?v=EvS9xy1tlMw; https://www.youtube.com/watch?v=fLH_i8aTG3I; https://www.youtube.com/watch?v=GzkVcTVeAQc,22.05.2026,https://www.spyur.am/ru/companies/artcompany-real-estate-development-company/55129,2026-07-12T21:03:24+00:00
"""МАММУТ ГРУП""",,Ожидайте лучшего Приглашаем к сотрудничеству все строительные компании и застройщиков РА,"Варуж Баруян, директор офиса в Армении",Руководитель,+37493147156; +37494241915; +989019011440; +989019011441; +989121888510; +98214500,,https://ru.mammutstructures.com/; http://mammutstructures.am/,"Армения, 0010, Ереван Анрапетутян ул. , 67 дом, 2-й этаж, помещение 3; Иран, Тегеран №7, 7th Str., Vozara Str., Argentine Square, Tehran, Iran; Иран, Маммут индустриальный городок 5th kilometer after Kordan Bridge, Karaj-Qazvin Highway, Mammut Industrial City, Iran","Производство, проектирование, монтаж, установка сэндвич-панелей, промышленных холодильников, металлических конструкций, промышленных навесов/козырьков и быстровозводимых (сборных) зданий и бесплатные консультации; Консультации Консультации по строительству Ремонт, обслуживание, модернизация, монтаж, установка изделий, оборудования, конструкций, инженерных и телекоммуникационных сетей (систем) Монтаж/установка ангаров Монтаж/установка каркаса зданий и сооружений Монтаж/установка каркасных зданий Монтаж/установка металлических конструкций (металлоконструкций) Монтаж/установка многослойных панелей (сэндвич-панелей) Монтаж/установка промышленного холодильного оборудования Монтаж/установка сборных домов Монтаж/установка холодильных камер из многослойных панелей (сэндвич-панелей)",https://www.youtube.com/watch?v=Rv8_T3FWSbU; https://www.youtube.com/watch?v=dCPz-9GbF1c,01.06.2026,https://www.spyur.am/ru/companies/mammut-group/57429,2026-07-12T21:03:27+00:00
"""ФЕМИДА"" КОМПАНИЯ ПО ЗАСТРОЙКЕ ЗДАНИЙ КЛАССА ""ЛЮКС""",,"Твоя возможность приобретения квартиры Жилой комплекс класса ""люкс"" ""Фемида"" предлагает квартиры с площадью от 55 до 375 кв. м. Комплекс имеет: • систему безопасности 24/7 • котельную • собственную электроподстанцию • вывоз мусора • освещение • подземную парковку (-2 этажа) • 4 подъезда: 1-й подъезд имеет 16 этажей; 2-й и 3-й подъезды - 14 этажей; 4-й подъезд - 18 этажей; всего - 337 квартир • выход на улицу Тигран Петросян, главный парк и открывающийся роскошный вид на гору Арарат Квартиры можете приобрести как наличными с полной оплатой, так и поэтапно - с 30%-ной предоплатой. Дом строится исключительно высококачественными материалами и в соответствии со всеми стандартами. Действует возможность приобретения квартиры по ипотечному кредиту, начиная с 10%-ной предоплаты без залога вторичного имущества. ВАЖНЫЙ ПУНКТ: приобретенные квартиры получают нотариальное заверение и Ваше право купли регистрируется в Государственном комитете кадастра РА. Дом будет сдан в эксплуатацию в следующем виде: - благоустроенные дворы, - подъезды - отлично отремонтированные, в каждом подъезде - по 2 лифта (один - большой и один - маленький), - внутренние перегородки квартиры выполнены соответственно проектам, стены - с гажевым покрытием, полы выровнены. В здании будут встроены теплосберегающие и солнцезащитные окна самого высокого качества из алюминиевых профилей. Комплекс находится в самом сердце Давташена по адресу Тигран Петросян 40 по соседству со спортивным клубом ""Reebok"" и ""Yerevan City"". Звоните по телефону 055-999 711 и выберите квартиру будущего сейчас.","Ваагн Макарян, руководитель отдела продаж",Руководитель,+37455999711,,,"Армения, 0054, Ереван Пирумяннери ул., 5 дом; Армения, 0054, Ереван Тигран Петросян ул. , 40 дом","Торговые марки, бренды ""ФЕМИДА"" ЖИЛОЙ КОМПЛЕКС («ՖԵՄԻԴԱ» ԲՆԱԿԵԼԻ ՀԱՄԱԼԻՐ, Армения), застройщик; Услуги по купле-продаже, обмену, аренде зданий, строений, помещений и территорий Продажа жилых зданий-новостроек Продажа жилых помещений от застройщика Продажа зданий-новостроек Продажа зданий-новостроек от застройщика Продажа квартир в зданиях-новостройках Продажа квартир от застройщика",https://www.facebook.com/profile.php?id=61560937941288; https://www.instagram.com/femidaresidentialcomplex,17.04.2026,https://www.spyur.am/ru/companies/femida-luxury-building-construction-company/56817,2026-07-12T21:03:30+00:00
"""БРЕВЕРК"" СТРОИТЕЛЬНАЯ ОРГАНИЗАЦИЯ общество с ограниченной ответственностью (ООО)",,30+ ЛЕТ В ОТРАСЛИ Многолетний опыт Высококачественное строительство Качественная застройка,Левон Гургенович Шаумян,директор,+37410444366; +37410444367,,,"Армения, 0061, Ереван Аршакуняц пр. , 67/15 дом; Армения, 0039, Ереван Багратуняц ул. 2-й тупик, 4/3 дом","Строительство; Аренда, прокат изделий, оборудования Аренда/прокат дорожно-строительной техники (дорожно-строительных машин) Аренда/прокат строительной техники (строительных машин) Ремонт, обслуживание, модернизация, монтаж, установка изделий, оборудования, конструкций, инженерных и телекоммуникационных сетей (систем) Монтаж/установка каркаса зданий и сооружений Услуги по купле-продаже, обмену, аренде зданий, строений, помещений и территорий Продажа жилых зданий-новостроек Продажа жилых помещений от застройщика Продажа зданий-новостроек Продажа зданий-новостроек от застройщика Продажа квартир в зданиях-новостройках Продажа квартир от застройщика",https://www.facebook.com/brawerk.am; https://www.instagram.com/brawerk.am,02.06.2026,https://www.spyur.am/ru/companies/brawerk-construction-organization/6665,2026-07-12T21:03:34+00:00
"""НЬЮ СИТИ ПРОДЖЕКТС"" КОМПАНИЯ-ЗАСТРОЙЩИК",,"Проекты: ""Novem Residence"" (жилой квартал, состоящий из 9 домов, по адресу ул. Багреванди 9/8) ""Pallada Residential Complex"" (жилой комплекс, состоящий из 8 корпусов, в Цахкадзоре по адресу пл. Цахкуняц 5) ""Acharyan Residential Complex"" (жилой комплекс, состоящий из 4 корпусов, по адресу ул. Ачарян 39/25) ""Aria Residence"" (жилой комплекс, состоящий из 2 корпусов, по адресу ул. Арзуманян 8/2) ""Shinararner Residence"" (жилой комплекс, состоящий из 2 корпусов, по адресу ул. Шинарарнери 23/1) ""Lotus Living"" (жилой квартал, состоящий из 5 корпусов, 5-7 этажей, по адресу ул. Г. Овсепян 46/7)",Ваге Давтян,директор,+37460444777; +37433600900,,https://newcity.am/hy; https://www.pinterest.com/NewCityProjects/?invite_code=35131b1fe8ec47d8bfe05658867cb381,"Армения, 0051, Ереван Грачья Тамразян ул. , 1/2 дом","""New City Projects"" осуществляет застройку в Ереване и регионах; Ремонт, обслуживание, модернизация, монтаж, установка изделий, оборудования, конструкций, инженерных и телекоммуникационных сетей (систем) Монтаж/установка металлических конструкций (металлоконструкций) Услуги по купле-продаже, обмену, аренде зданий, строений, помещений и территорий Продажа жилых зданий-новостроек Продажа жилых помещений от застройщика Продажа зданий-новостроек Продажа зданий-новостроек от застройщика Продажа квартир в зданиях-новостройках Продажа квартир от застройщика Продажа недвижимости на застроенных/застраиваемых земельных участках",https://www.facebook.com/people/New-City-Projects/100092961344357/; https://www.instagram.com/newcityprojects/; https://www.linkedin.com/company/new-city-projects/,03.07.2026,https://www.spyur.am/ru/companies/new-city-projects-real-estate-development-company/51373,2026-07-12T21:03:36+00:00
"""НЬЮ ЭРА"" КОМПАНИЯ-ЗАСТРОЙЩИК",,Let's build your future.,Арман Аветисян,исполнительный директор,+37441999022,,,"Армения, 0012, Ереван Вагарш Вагаршян ул., 12 дом","Торговые марки, бренды ""НЬЮ ЭРА РЕЗИДЕНС"" (""NEW ERA RESIDENCE"", Армения), застройщик ""ПТГНИ ГАРДЕН"" (""PTGHNI GARDEN"", Армения), застройщик; Услуги по купле-продаже, обмену, аренде зданий, строений, помещений и территорий Продажа жилых зданий-новостроек Продажа жилых помещений от застройщика Продажа зданий-новостроек Продажа зданий-новостроек от застройщика Продажа квартир в зданиях-новостройках Продажа квартир от застройщика",https://www.facebook.com/profile.php?id=61558648330463; https://www.instagram.com/newera.llc/; https://www.youtube.com/watch?v=N0T6HdnH5NA; https://www.youtube.com/watch?v=ajPzDV9gHhE,26.06.2026,https://www.spyur.am/ru/companies/new-era-real-estate-development-company/56171,2026-07-12T21:03:41+00:00
"""АРАРЭ"" АРХИТЕКТУРНО-СТРОИТЕЛЬНАЯ ОРГАНИЗАЦИЯ",,,Арам Аванесян,директор,+37455260260,,http://arare.am/,"Армения, 0054, Ереван Давташен, 6-я улица, 40/1 дом","Проектирование, строительство зданий, сооружений; Дизайн Дизайн интерьера Дизайн малых архитектурных форм Дизайн экстерьера Консультации Консультации по вопросам проектирования строительных объектов Консультации по вопросам сейсмостойкости зданий и сооружений Консультации по строительству Ремонт, обслуживание, модернизация, монтаж, установка изделий, оборудования, конструкций, инженерных и телекоммуникационных сетей (систем) Монтаж/установка каркаса зданий и сооружений Монтаж/установка металлических конструкций (металлоконструкций) Монтаж/установка систем водоотведения (канализации) Монтаж/установка систем водоснабжения Монтаж/установка систем горячего водоснабжения Монтаж/установка систем отопления Услуги по купле-продаже, обмену, аренде зданий, строений, помещений и территорий Продажа жилых помещений от застройщика Продажа зданий-новостроек от застройщика Продажа квартир от застройщика",https://www.facebook.com/ararearmenia; https://www.instagram.com/arare.architecture; https://www.youtube.com/watch?v=aKGpsqovC24,04.05.2026,https://www.spyur.am/ru/companies/arare-architecture-and-construction-organization/45304,2026-07-12T21:03:55+00:00
"""КАПИТАЛ БИЛД"" ОРГАНИЗАЦИЯ-ЗАСТРОЙЩИК",,"""Капитал Билд"" - представить, построить, жить",Арман Г. Гундакчян,директор,+37412610109; +37412610100; +37443610109; +37444610109; +37433610100,,https://www.capitalbuild.am/,"Армения, 0012, Ереван Грачья Кочари ул., 16/6 дом, помещение 68","Застройка недвижимости; Услуги по купле-продаже, обмену, аренде зданий, строений, помещений и территорий Продажа жилых зданий-новостроек Продажа жилых помещений от застройщика Продажа зданий-новостроек Продажа зданий-новостроек от застройщика Продажа квартир в зданиях-новостройках Продажа квартир от застройщика",https://www.facebook.com/capital.build.estate; https://www.instagram.com/capital_build_estate; https://www.youtube.com/channel/UCsShRGwnVQMErC5HyWg1Smw,14.04.2026,https://www.spyur.am/ru/companies/capital-build-real-estate-development-company/46488,2026-07-12T21:03:57+00:00
"""РЕНШИН"" ГРАДОСТРОИТЕЛЬНО-ИНВЕСТИЦИОННАЯ КОМПАНИЯ",,,Эдуард Марутян,генеральный директор,+37411900100; +37411900200; +37411900300,,http://www.renshin.am/; https://ru.skyline-evn.am/,"Армения, 0002, Ереван Павстос Бузанди ул. , 91 дом, помещение 72; Армения, 0009, Ереван Терян ул., 107 дом","Инвестирование в строительство; Услуги по купле-продаже, обмену, аренде зданий, строений, помещений и территорий Аренда жилого помещения Аренда жилого помещения от застройщика Аренда квартиры от застройщика Аренда офиса Аренда офиса от застройщика Аренда рабочего помещения от застройщика Аренда частного дома от застройщика Разные услуги Управление недвижимостью",https://www.facebook.com/renshin.llc; https://www.facebook.com/ArtlifeKempinski; https://www.facebook.com/skylineevn; https://www.instagram.com/artlife.kempinski; https://www.instagram.com/skyline.evn,30.06.2026,https://www.spyur.am/ru/companies/renshin-urban-investments/6063,2026-07-12T21:03:58+00:00
"""ДЖЕЙАРПИ"" КОМПАНИЯ-ЗАСТРОЙЩИК (общество с ограниченной ответственностью/ООО ""ГРИН РЕЗИДЕНШЛ ПАРК"")",,"""Стань частью великого"" Официальный представитель брендов гостиничной сети ""Wyndham Hotels & Resorts"" в Республике Армения.",,,+37499008000,,https://www.tiktok.com/@green.residential,"Армения, 0002, Ереван Туманян ул., 35/11 дом","Компания ""Green Residential Park"" работает на рынке недвижимости Армении с 2010 года. Успешно реализованы жилые и коммерческие проекты в Ереване, в том числе по адресам Багян 3/3, Бузанди 3 (""Royal Classic House"") и Давташен (""Double Towers""). В настоящее время в Цахкадзоре осуществляется строительство проекта ""Wyndham Grand Tsaghkadzor"" - первого международного пятизвездочного отеля в Армении под брендом ""Wyndham Hotels & Resorts"". Проект представляет собой надежную и долгосрочную инвестиционную возможность для армянских инвесторов, обеспечивая стабильный и прогнозируемый поток доходов под управлением международного бренда. Компания является официальным представителем брендов гостиничной сети ""Wyndham Hotels & Resorts"" в РА; Услуги по купле-продаже, обмену, аренде зданий, строений, помещений и территорий Продажа гостиниц-новостроек от застройщика Продажа жилых помещений от застройщика Продажа зданий-новостроек Продажа зданий-новостроек от застройщика Продажа квартир от застройщика",https://www.facebook.com/greenresidentialpark; https://www.instagram.com/greenresidentialpark; https://www.linkedin.com/company/green-residential-park/; https://t.me/wyndham_tsaghkadzor; https://www.youtube.com/@greenresidentialpark; https://www.youtube.com/watch?v=jI8jkAxjnCI,26.05.2026,https://www.spyur.am/ru/companies/grp-development-company/52995,2026-07-12T21:04:04+00:00
"""ФОРМА"" КОМПАНИЯ ПО УПРАВЛЕНИЮ ЗАСТРОЙКОЙ",,,Шаген Инанц,директор,+37444701111,,https://forma.am/,"Армения, 0014, Ереван Азатутян пр., 24/15 дом (в здании бизнес-центра ""Бизнес Парк"")","ООО ""ФОРМА"" осуществляет комплексное управление проектами по застройке, включающее функции исполнительного директора, организацию тендеров, финансовые, бухгалтерские и юридические услуги. Компания проводит все переговоры (с партнёрами, банками, государственными ведомствами, инвесторами и другими структурами и лицами).; Посреднические услуги Ведение переговоров от лица/имени компании-застройщика Осуществление (совершение) функций исполнительного директора компании-застройщика",https://www.facebook.com/formaconstructionmanagement; https://www.instagram.com/forma_construction_management,18.03.2026,https://www.spyur.am/ru/companies/forma-construction-management-company/57098,2026-07-12T21:04:13+00:00
"""НГМД"" общество с ограниченной ответственностью (ООО)",,,Арнольд Антонян,директор,+37412610109,,,"Армения, 0023, Ереван Севани ул., 12 дом","Тип деятельности по классификатору ""Спюра"" КОМПАНИИ И НЕКОММЕРЧЕСКИЕ ОРГАНИЗАЦИИ НЕДВИЖИМОСТЬ ЗАСТРОЙЩИК НЕДВИЖИМОСТИ",,14.01.2026,https://www.spyur.am/ru/companies/ngmd/84690,2026-07-12T21:04:21+00:00
"""АДРЕС КОНСТРАКШН"" КОМПАНИЯ-ЗАСТРОЙЩИК",,,,,+37499930303,,https://addressconstruction.com/,"Армения, Ереван","Тип деятельности по классификатору ""Спюра"" КОМПАНИИ И НЕКОММЕРЧЕСКИЕ ОРГАНИЗАЦИИ НЕДВИЖИМОСТЬ ЗАСТРОЙЩИК НЕДВИЖИМОСТИ СТРОИТЕЛЬСТВО СТРОИТЕЛЬСТВО ЗДАНИЙ И СООРУЖЕНИЙ",,10.11.2025,https://www.spyur.am/ru/companies/address-construction-real-estate-development-company/43244,2026-07-12T21:04:24+00:00
"""МИЛ ХАУС""",,,,,+37444345250,,,"Армения, 0076, Ереван Нор Норка 4-й массив, Тевосян ул. , 3/1 дом","Тип деятельности по классификатору ""Спюра"" КОМПАНИИ И НЕКОММЕРЧЕСКИЕ ОРГАНИЗАЦИИ НЕДВИЖИМОСТЬ ЗАСТРОЙЩИК НЕДВИЖИМОСТИ",https://www.facebook.com/Milhouse.off,06.11.2025,https://www.spyur.am/ru/companies/mil-house/45422,2026-07-12T21:04:37+00:00
"""ТЕХНОДОМ.ЭЙЭМ"" КОМПАНИЯ-ЗАСТРОЙЩИК",,,,,+37499401093; +37455065055,,,"Армения, Ереван Ахпюр Серопи ул. , 52/6 дом; Армения, Ереван Норки Айгинер ул., 180 дом","Тип деятельности по классификатору ""Спюра"" КОМПАНИИ И НЕКОММЕРЧЕСКИЕ ОРГАНИЗАЦИИ НЕДВИЖИМОСТЬ ЗАСТРОЙЩИК НЕДВИЖИМОСТИ",https://www.facebook.com/profile.php?id=61570378181866,27.11.2025,https://www.spyur.am/ru/companies/technodomam-real-estate-development-company/48315,2026-07-12T21:04:51+00:00
"""НАТ КОНСТРАКШН"" общество с ограниченной ответственностью (ООО)",,,,,+37455455440,,https://townhouse.am/,"Армения, 0011, Ереван Арменак Арменакян ул. , 2 дом (в здании бизнес-центра ""Синерджи"")","Тип деятельности по классификатору ""Спюра"" КОМПАНИИ И НЕКОММЕРЧЕСКИЕ ОРГАНИЗАЦИИ НЕДВИЖИМОСТЬ ЖИЛЫЕ ПОМЕЩЕНИЯ (ЖИЛАЯ НЕДВИЖИМОСТЬ) ОТ ЗАСТРОЙЩИКА ЗАСТРОЙЩИК НЕДВИЖИМОСТИ",https://www.facebook.com/nutconstruction.am,30.03.2026,https://www.spyur.am/ru/companies/nut-construction/48681,2026-07-12T21:04:54+00:00
"""КООРДИНАТ"" СТРОИТЕЛЬНАЯ КОМПАНИЯ общество с ограниченной ответственностью (ООО)",,,,,+37443323323,,https://coordinat.am/,"Армения, Котайкский марз, Абовян Барекамутян ул., 1/1 дом","Тип деятельности по классификатору ""Спюра"" КОМПАНИИ И НЕКОММЕРЧЕСКИЕ ОРГАНИЗАЦИИ НЕДВИЖИМОСТЬ ЖИЛЫЕ ПОМЕЩЕНИЯ (ЖИЛАЯ НЕДВИЖИМОСТЬ) ОТ ЗАСТРОЙЩИКА ЗАСТРОЙЩИК НЕДВИЖИМОСТИ",https://www.facebook.com/coordinat.armenia,28.11.2025,https://www.spyur.am/ru/companies/coordinat-construction-company/51623,2026-07-12T21:04:55+00:00
"""РУТ КОНСТРАКТ""",,,Рафаэл Варданян,директор,+37441221205,,https://zoar.am/,"Армения, Ереван Эзрас Асратян ул., 78 дом","Торговые марки, бренды ""ГАРДЕНС РЕЗИДЕНС"", застройщик ""РАЙЗ РЕЗИДЕНС"", застройщик",https://www.facebook.com/people/Root-Construct/100075851746775/,29.09.2025,https://www.spyur.am/ru/companies/root-construct/52190,2026-07-12T21:04:57+00:00
"""ТРОЙКА КАПИТАЛ"" общество с ограниченной ответственностью (ООО)",,,,,+37477049049,,,"Армения, 1101, Армавирский марз, Эчмиадзин Маштоци ул., 110 дом","Торговые марки, бренды ""АРАРАТ ПАРК"" (Армения), застройщик",https://www.facebook.com/profile.php?id=100090003644845,20.01.2026,https://www.spyur.am/ru/companies/triple-capital/52706,2026-07-12T21:04:59+00:00
"""АРЕВАН РЕЗИДЕНС""",,,,,+37498661551; +37493414161,,,"Армения, Котайкский марз, Ариндж село Паруйр Севаки квартал, 6-я улица, 10 земельный участок","Тип деятельности по классификатору ""Спюра"" КОМПАНИИ И НЕКОММЕРЧЕСКИЕ ОРГАНИЗАЦИИ НЕДВИЖИМОСТЬ ЖИЛЫЕ ПОМЕЩЕНИЯ (ЖИЛАЯ НЕДВИЖИМОСТЬ) ОТ ЗАСТРОЙЩИКА ЗАСТРОЙЩИК НЕДВИЖИМОСТИ",https://www.facebook.com/arevanresidence,28.04.2026,https://www.spyur.am/ru/companies/arevan-residence/55222,2026-07-12T21:05:11+00:00
"""НОВАТУН"" КОМПАНИЯ-ЗАСТРОЙЩИК",,,Армен Амирян,директор,+37441703703,,,"Армения, 0025, Ереван Айгестан квартал, Манук Абегян ул. , 5 дом","Тип деятельности по классификатору ""Спюра"" КОМПАНИИ И НЕКОММЕРЧЕСКИЕ ОРГАНИЗАЦИИ НЕДВИЖИМОСТЬ ЗАСТРОЙЩИК НЕДВИЖИМОСТИ ЖИЛЫЕ ПОМЕЩЕНИЯ (ЖИЛАЯ НЕДВИЖИМОСТЬ) ОТ ЗАСТРОЙЩИКА",https://www.facebook.com/ArmNovaTun,25.09.2025,https://www.spyur.am/ru/companies/novatun-real-estate-development-company/55310,2026-07-12T21:05:18+00:00
"""МАГНИТШИН"" СТРОИТЕЛЬНАЯ ОРГАНИЗАЦИЯ",,,Мурад Саркисян,директор,+37444080202,,,"Армения, Котайкский марз, Прошян село Геворк Чауши ул., 15, 15/1, 15/2, 15/3, 15/4, 15/5 дома","Торговые марки, бренды ""БРАВО ГАРДЕН РЕЗИДЕНС"", застройщик",https://www.facebook.com/magnitshin,27.03.2026,https://www.spyur.am/ru/companies/magnitshin-construction-organization/55889,2026-07-12T21:05:23+00:00
"""КОНТУР КОНСТРАКТ""",,,,,+37444708090,,https://contourconstruct.am/,"Армения, 0054, Ереван Егварди шоссе, 108 дом","Тип деятельности по классификатору ""Спюра"" КОМПАНИИ И НЕКОММЕРЧЕСКИЕ ОРГАНИЗАЦИИ НЕДВИЖИМОСТЬ ЗАСТРОЙЩИК НЕДВИЖИМОСТИ СТРОИТЕЛЬСТВО РЕМОНТ ЗДАНИЙ И СООРУЖЕНИЙ",https://www.instagram.com/contour__construct/,25.02.2026,https://www.spyur.am/ru/companies/contour-construct/56189,2026-07-12T21:05:28+00:00
"""АР ШИН КОНСТРАКТ""",,,,,+37496002100,,,"Армения, Ереван Норашен (16-й квартал), 47/5 дом","Тип деятельности по классификатору ""Спюра"" КОМПАНИИ И НЕКОММЕРЧЕСКИЕ ОРГАНИЗАЦИИ НЕДВИЖИМОСТЬ ЗАСТРОЙЩИК НЕДВИЖИМОСТИ",https://www.facebook.com/ARShinConstructArmenia,07.10.2025,https://www.spyur.am/ru/companies/ar-shin-construct/56190,2026-07-12T21:05:34+00:00
"""ДАБЛ ВИ КОНСТРАКТ""",,,,,+37495001005; +37494200007,,,"Армения, Котайкский марз, Абовян","Торговые марки, бренды ""АРМЕНИЯ ГАРДЕН"" ЖИЛОЙ КОМПЛЕКС, застройщик",https://www.facebook.com/profile.php?id=61556116011807,27.10.2025,https://www.spyur.am/ru/companies/double-v-construct/56198,2026-07-12T21:05:35+00:00
"""РГ КОНСТРАКШН""",,,,,+37496870008,,,"Армения, 0014, Ереван Наири Зарян ул., 74а дом","Тип деятельности по классификатору ""Спюра"" КОМПАНИИ И НЕКОММЕРЧЕСКИЕ ОРГАНИЗАЦИИ НЕДВИЖИМОСТЬ ЖИЛЫЕ ПОМЕЩЕНИЯ (ЖИЛАЯ НЕДВИЖИМОСТЬ) ОТ ЗАСТРОЙЩИКА ЗАСТРОЙЩИК НЕДВИЖИМОСТИ",https://www.instagram.com/rgconstruction.evn/?hl=en,24.03.2026,https://www.spyur.am/ru/companies/rg-construction/56253,2026-07-12T21:05:37+00:00
"""ГРИН ПРОДЖЕКТ""",,,,,+37494664522,,https://www.greenprojectarm.com/,"Армения, 0052, Ереван Царав Ахпюри ул. , 61/4 дом","Тип деятельности по классификатору ""Спюра"" КОМПАНИИ И НЕКОММЕРЧЕСКИЕ ОРГАНИЗАЦИИ НЕДВИЖИМОСТЬ ЗАСТРОЙЩИК НЕДВИЖИМОСТИ",https://www.facebook.com/greenprojectyerevan/,14.11.2025,https://www.spyur.am/ru/companies/green-project/56298,2026-07-12T21:05:39+00:00
"""ГРИН ДЕВЕЛОПМЕНТ"" общество с ограниченной ответственностью (ООО)",,,,,+37494664522,,,"Армения, 0052, Ереван Царав Ахпюри ул. , 61/4 дом","Тип деятельности по классификатору ""Спюра"" КОМПАНИИ И НЕКОММЕРЧЕСКИЕ ОРГАНИЗАЦИИ НЕДВИЖИМОСТЬ ЗАСТРОЙЩИК НЕДВИЖИМОСТИ",,31.10.2025,https://www.spyur.am/ru/companies/green-development/56318,2026-07-12T21:05:41+00:00
"""ЛИ ЛЕЙК""",,,,,+37433771111,,,"Армения, Гегаркуникский марз, Севан Горцаранаин ул., 17/1 дом","Тип деятельности по классификатору ""Спюра"" КОМПАНИИ И НЕКОММЕРЧЕСКИЕ ОРГАНИЗАЦИИ НЕДВИЖИМОСТЬ ЖИЛЫЕ ПОМЕЩЕНИЯ (ЖИЛАЯ НЕДВИЖИМОСТЬ) ОТ ЗАСТРОЙЩИКА ЗАСТРОЙЩИК НЕДВИЖИМОСТИ",https://www.facebook.com/lilakeresort/?_rdr,25.02.2026,https://www.spyur.am/ru/companies/li-lake/56371,2026-07-12T21:05:43+00:00
"""ЭКО СТАНДАРТ ШИН"" общество с ограниченной ответственностью (ООО)",,,Геворк Садоян,директор,+37455066060,,,"Армения, Араратский марз, Норабац село Нор Тахамас квартал, 7-я улица, 35 дом","Тип деятельности по классификатору ""Спюра"" КОМПАНИИ И НЕКОММЕРЧЕСКИЕ ОРГАНИЗАЦИИ НЕДВИЖИМОСТЬ ЖИЛЫЕ ПОМЕЩЕНИЯ (ЖИЛАЯ НЕДВИЖИМОСТЬ) ОТ ЗАСТРОЙЩИКА ЗАСТРОЙЩИК НЕДВИЖИМОСТИ",,10.03.2026,https://www.spyur.am/ru/companies/eco-standart-shin/56399,2026-07-12T21:05:44+00:00
"""ТОП БИЛДИНГС""",,,,,+37433583333,,https://topbuildings.am/,"Армения, Ереван Аван-Ариндж, Ашхабади ул., 9/2 дом","Тип деятельности по классификатору ""Спюра"" КОМПАНИИ И НЕКОММЕРЧЕСКИЕ ОРГАНИЗАЦИИ НЕДВИЖИМОСТЬ ЗАСТРОЙЩИК НЕДВИЖИМОСТИ",https://www.facebook.com/profile.php?id=61555972335140,26.02.2026,https://www.spyur.am/ru/companies/top-buildings/56577,2026-07-12T21:05:46+00:00
"""АБОВЯН СИТИ ХАУС"" общество с ограниченной ответственностью (ООО)",,,,,+37433151000,,,"Армения, Котайкский марз, Абовян","Тип деятельности по классификатору ""Спюра"" КОМПАНИИ И НЕКОММЕРЧЕСКИЕ ОРГАНИЗАЦИИ НЕДВИЖИМОСТЬ ЗАСТРОЙЩИК НЕДВИЖИМОСТИ",https://www.facebook.com/abovyancityhouse/,28.11.2025,https://www.spyur.am/ru/companies/abovyan-city-house/56576,2026-07-12T21:05:51+00:00
"""АЙВИ ГАРДЕН""",,,,,+37493041002,,https://www.ivygarden.am/ru,"Армения, Ереван Арменак Арменакян ул. , 108/7 дом","Тип деятельности по классификатору ""Спюра"" КОМПАНИИ И НЕКОММЕРЧЕСКИЕ ОРГАНИЗАЦИИ НЕДВИЖИМОСТЬ ЖИЛЫЕ ПОМЕЩЕНИЯ (ЖИЛАЯ НЕДВИЖИМОСТЬ) ОТ ЗАСТРОЙЩИКА ЗАСТРОЙЩИК НЕДВИЖИМОСТИ",https://www.facebook.com/ivygarden.am,22.04.2026,https://www.spyur.am/ru/companies/ivy-garden/56785,2026-07-12T21:05:59+00:00
"""ДАВ КОНСТРАКШН""",,,,,+37477500095,,,"Армения, Котайкский марз, Ариндж село А квартал, 4-я улица, 1 земельный участок","Тип деятельности по классификатору ""Спюра"" КОМПАНИИ И НЕКОММЕРЧЕСКИЕ ОРГАНИЗАЦИИ НЕДВИЖИМОСТЬ ЖИЛЫЕ ПОМЕЩЕНИЯ (ЖИЛАЯ НЕДВИЖИМОСТЬ) ОТ ЗАСТРОЙЩИКА ЗАСТРОЙЩИК НЕДВИЖИМОСТИ",https://www.facebook.com/profile.php?id=61556541356737,09.12.2025,https://www.spyur.am/ru/companies/dav-construction/56818,2026-07-12T21:06:01+00:00
"""ГРИН ХИЛЗ"" общество с ограниченной ответственностью (ООО)",,,Ара Айрапетян,директор,+37495260101; +37496250101,,,"Армения, 0019, Ереван Антараин ул., 170 дом; Армения, Ереван Давид Беки ул. , 103/5 дом","Тип деятельности по классификатору ""Спюра"" КОМПАНИИ И НЕКОММЕРЧЕСКИЕ ОРГАНИЗАЦИИ НЕДВИЖИМОСТЬ ЖИЛЫЕ ПОМЕЩЕНИЯ (ЖИЛАЯ НЕДВИЖИМОСТЬ) ОТ ЗАСТРОЙЩИКА ЗАСТРОЙЩИК НЕДВИЖИМОСТИ",https://www.facebook.com/greenhillsarm,19.01.2026,https://www.spyur.am/ru/companies/green-hills/56903,2026-07-12T21:06:05+00:00
"""ТНАК ШИН"" общество с ограниченной ответственностью (ООО)",,,Дейвид Киракосян,директор,+37494176706,,http://www.tnakshin.am/,"Армения, Ереван Ваагн Давтян ул. , 24 дом","Тип деятельности по классификатору ""Спюра"" КОМПАНИИ И НЕКОММЕРЧЕСКИЕ ОРГАНИЗАЦИИ НЕДВИЖИМОСТЬ ЗАСТРОЙЩИК НЕДВИЖИМОСТИ",https://www.instagram.com/tnakshin_/,30.01.2026,https://www.spyur.am/ru/companies/tnak-shin/57003,2026-07-12T21:06:11+00:00
"""ЛИБЕРТИ УАН"" ЖИЛОЙ КОМПЛЕКС (общество с ограниченной ответственностью/ООО ""КАПИТАЛ ПЛЮС"")",,,,,+37441250000,,https://libertyone.am/,"Армения, Ереван Азатутян пр., 1/43 дом","Тип деятельности по классификатору ""Спюра"" КОМПАНИИ И НЕКОММЕРЧЕСКИЕ ОРГАНИЗАЦИИ НЕДВИЖИМОСТЬ ЖИЛЫЕ ПОМЕЩЕНИЯ (ЖИЛАЯ НЕДВИЖИМОСТЬ) ОТ ЗАСТРОЙЩИКА ЗАСТРОЙЩИК НЕДВИЖИМОСТИ",https://www.facebook.com/liberty1.yerevan,09.03.2026,https://www.spyur.am/ru/companies/liberty-one-residential-complex/57052,2026-07-12T21:06:15+00:00
"""ЭН АЙ КОНСТРАКШН""",,,,,+37411500177; +37441440301,,,"Армения, 0015, Ереван Дзорапи ул. , 70/3 дом, 3-й этаж","Торговые марки, бренды ""АЛДИНА РЕЗИДЕНС"", застройщик ""НЬЮ АРИНДЖ РЕЗИДЕНС"", застройщик ""НЬЮ ГАРДЕН ХАУС"", застройщик",https://www.facebook.com/niconstructionyerevan,21.04.2026,https://www.spyur.am/ru/companies/ni-construction/57584,2026-07-12T21:06:19+00:00
"""АЗАТУТЮН"" МНОГОФУНКЦИОНАЛЬНЫЙ КОМПЛЕКС (закрытое акционерное общество/ЗАО ""ГРИН ПРОПЕРТИ ДИВЕЛОПМЕНТ"")",,,,,+37499199000; +37412599900,,https://azatutyuncomplex.am/,"Армения, 0014, Ереван Азатутян пр., 26/1 дом","Тип деятельности по классификатору ""Спюра"" КОМПАНИИ И НЕКОММЕРЧЕСКИЕ ОРГАНИЗАЦИИ НЕДВИЖИМОСТЬ ЖИЛЫЕ ПОМЕЩЕНИЯ (ЖИЛАЯ НЕДВИЖИМОСТЬ) ОТ ЗАСТРОЙЩИКА ЗАСТРОЙЩИК НЕДВИЖИМОСТИ",https://www.facebook.com/azatutyuncomplex,01.05.2026,https://www.spyur.am/ru/companies/azatutyun-multifunctional-complex/57685,2026-07-12T21:06:23+00:00
"""ЭЙ ЭМ ПИ ДЕВЕЛОПМЕНТ"" общество с ограниченной ответственностью (ООО)",,,,,+37460778122,,https://www.clubhouseyerevan.am/,"Армения, Ереван Норк, Гарегин Овсепян ул. , 22/11 дом","Торговые марки, бренды ""КЛАБХАУС"", застройщик",https://www.facebook.com/profile.php?id=61564277527511,13.06.2025,https://www.spyur.am/ru/companies/amp-development/57780,2026-07-12T21:06:36+00:00
"""ПРАЙМ ДЕВЕЛОПЕРС""",,,,,+37498844771; +37477890047,,https://primedevelopers.am/ru,"Армения, 0037, Ереван Бабаян ул., 10/1 дом","Торговые марки, бренды ""ДИСКАВРИ ПЛАЗА"" («ԴԻՍՔԱՎՐԻ ՊԼԱԶԱ»), застройщик",https://www.facebook.com/profile.php?id=100095614057576,03.07.2025,https://www.spyur.am/ru/companies/prime-developers/57911,2026-07-12T21:06:47+00:00
"""ЭНКИ КОНСТРАКШН""",,,,,+37444888109,,https://www.enki.construction/,"Армения, Тавушский марз, Дилижан Андраники ул. 3-й пер., 21/1 строение","Торговые марки, бренды ""МИРЕЛЛ"" БУТИК-ОТЕЛЬ (Армения), застройщик",https://www.facebook.com/MirellProject,17.04.2026,https://www.spyur.am/ru/companies/enki-construction/58026,2026-07-12T21:06:59+00:00
"""КАМЕРТУН"" МУЛЬТИФУНКЦИОНАЛЬНЫЙ КОМПЛЕКС",,,,,+37444224422,,https://kamertoon.am/,"Армения, Ереван Дзорагюх этнографический квартал, Сергей Параджанови ул., 8 дом","Тип деятельности по классификатору ""Спюра"" КОМПАНИИ И НЕКОММЕРЧЕСКИЕ ОРГАНИЗАЦИИ НЕДВИЖИМОСТЬ ЗАСТРОЙЩИК НЕДВИЖИМОСТИ СТРОИТЕЛЬСТВО СТРОИТЕЛЬСТВО ЗДАНИЙ И СООРУЖЕНИЙ",https://www.instagram.com/kamertoon.am/,29.01.2026,https://www.spyur.am/ru/companies/kamertoon-multifunctional-complex/58959,2026-07-12T21:07:09+00:00
"""НЕМАЛ"" общество с ограниченной ответственностью (ООО)",,,,,,,,"Армения, Сюникский марз, Капан Арам Манукян ул., 1а дом","Тип деятельности по классификатору ""Спюра"" КОМПАНИИ И НЕКОММЕРЧЕСКИЕ ОРГАНИЗАЦИИ НЕДВИЖИМОСТЬ ЗАСТРОЙЩИК НЕДВИЖИМОСТИ СТРОИТЕЛЬСТВО СТРОИТЕЛЬСТВО ЗДАНИЙ И СООРУЖЕНИЙ",,19.03.2025,https://www.spyur.am/ru/companies/nemal/26237,2026-07-12T21:07:10+00:00
"""ЭНИБИЛД"" общество с ограниченной ответственностью (ООО)",,,,,,,,"Армения, 0001, Ереван Анрапетутян ул. , 80 дом","Тип деятельности по классификатору ""Спюра"" КОМПАНИИ И НЕКОММЕРЧЕСКИЕ ОРГАНИЗАЦИИ НЕДВИЖИМОСТЬ ЗАСТРОЙЩИК НЕДВИЖИМОСТИ АГЕНТСТВО НЕДВИЖИМОСТИ",,12.03.2025,https://www.spyur.am/ru/companies/anybuild/56127,2026-07-12T21:07:12+00:00
"""ПАРКЛАЙФ ЭКО РЕЗИДЕНСИ""",,,,,,,,"Армения, 0014, Ереван Комитаси пр., 56 дом; Армения, Ереван Багреванди ул., 84 дом","Тип деятельности по классификатору ""Спюра"" КОМПАНИИ И НЕКОММЕРЧЕСКИЕ ОРГАНИЗАЦИИ НЕДВИЖИМОСТЬ ЗАСТРОЙЩИК НЕДВИЖИМОСТИ",,24.11.2024,https://www.spyur.am/ru/companies/parklife-eco-residency/56162,2026-07-12T21:07:14+00:00
"""ЭМ ЭМ ЭС КАПИТАЛ""",,,,,,,,"Армения, 0001, Ереван Налбандян ул., 23 дом","Тип деятельности по классификатору ""Спюра"" КОМПАНИИ И НЕКОММЕРЧЕСКИЕ ОРГАНИЗАЦИИ НЕДВИЖИМОСТЬ ЗАСТРОЙЩИК НЕДВИЖИМОСТИ ЖИЛЫЕ ПОМЕЩЕНИЯ (ЖИЛАЯ НЕДВИЖИМОСТЬ) ОТ ЗАСТРОЙЩИКА",,04.12.2024,https://www.spyur.am/ru/companies/mms-capital/56392,2026-07-12T21:07:18+00:00
"""ГЛОБАЛ ФОТОН"" общество с ограниченной ответственностью (ООО)",,,,,,,,"Армения, Котайкский марз, Раздан Микрошрджан квартал, 111 дом","Тип деятельности по классификатору ""Спюра"" КОМПАНИИ И НЕКОММЕРЧЕСКИЕ ОРГАНИЗАЦИИ НЕДВИЖИМОСТЬ ЖИЛЫЕ ПОМЕЩЕНИЯ (ЖИЛАЯ НЕДВИЖИМОСТЬ) ОТ ЗАСТРОЙЩИКА ЗАСТРОЙЩИК НЕДВИЖИМОСТИ",,15.02.2016,https://www.spyur.am/ru/companies/global-photon/56815,2026-07-12T21:07:25+00:00
